pass,weighted_out_degree,weighted_in_degree,positive_out_degree,negative_out_degree,positive_in_degree,negative_in_degree,betweenness
loop-rotate,0.21353823851059395,0.3249507886982855,7,0,4,1,0.00303030303030303
licm,0.16244742958971115,-0.1461641105733422,4,3,4,2,0.022727272727272728
loop-unroll,0.0020796248117212,-1.1457354843485803,0,0,0,4,0.0
adce,-0.0015290519877675832,0.009521447987763509,0,0,0,0,0.0
dce,-0.0015290519877675832,0.009521447987763509,0,0,0,0,0.0
reassociate,-0.0028665055738531712,0.014720897326234746,0,0,2,0,0.0
simplifycfg,-0.0028762030465095223,0.11602283333417879,2,1,5,1,0.001515151515151515
instcombine,-0.3077617458641245,0.04200007785698759,2,4,4,3,0.02
early-cse,-0.3649003087928513,-0.16560247750414167,0,6,2,4,0.0033333333333333335
gvn,-0.8022081804668322,-0.47113961774927815,2,6,2,5,0.03363636363636364
mem2reg,-0.9986406928710687,-0.840878376544749,4,5,1,5,0.03969696969696969
sroa,-1.001021645252021,-0.8524855194018919,4,5,1,5,0.03969696969696969
