pass_a,pass_b,weight,std,n_programs,n_synergy,n_antagonism
mem2reg,sroa,-0.424353233848664,0.1189636854223682,24,0,24
sroa,mem2reg,-0.424353233848664,0.1189636854223682,24,0,24
gvn,loop-unroll,-0.38928197844889506,0.5029789075250274,24,0,24
mem2reg,loop-unroll,-0.33519496128435833,0.4219703848020109,24,0,24
sroa,loop-unroll,-0.33519496128435833,0.4219703848020109,24,0,24
gvn,sroa,-0.17117678760916824,0.05141592650644196,24,0,24
gvn,mem2reg,-0.16701012094250156,0.059304260654415436,24,0,24
sroa,gvn,-0.1633216154246183,0.05866072932951902,24,0,24
mem2reg,gvn,-0.16123828209128496,0.06287731818739369,24,0,24
instcombine,sroa,-0.15071169112110724,0.09930893377402064,24,0,24
instcombine,mem2reg,-0.1468426435020596,0.10241304205632346,24,0,24
sroa,instcombine,-0.14513211857631333,0.10216732839826095,24,0,24
mem2reg,instcombine,-0.1448344995286943,0.10251625055755247,24,0,24
gvn,licm,-0.14070675455648252,0.05027182689592505,24,0,24
gvn,early-cse,-0.10164072280420422,0.04378495494999173,24,0,24
early-cse,gvn,-0.1012374846099402,0.043354508654123734,24,0,24
licm,loop-unroll,-0.0853334559276628,0.18928225534937967,24,2,6
early-cse,sroa,-0.08106557669497805,0.027809377930562696,24,0,24
early-cse,mem2reg,-0.07749414812354948,0.03214846471295351,24,0,23
instcombine,gvn,-0.07067101104470196,0.07087353231036618,24,2,21
sroa,early-cse,-0.0676347072776276,0.031140421476977577,24,0,24
mem2reg,early-cse,-0.06614661203953236,0.03340148103725895,24,0,23
early-cse,licm,-0.05133349109695373,0.025745597840831337,24,0,23
instcombine,early-cse,-0.05013670067857478,0.04680676947036822,24,0,22
early-cse,instcombine,-0.04199460927841909,0.04143491595382555,24,2,21
licm,sroa,-0.03752720987601482,0.035117803238853586,24,2,21
licm,mem2reg,-0.03752720987601482,0.035117803238853586,24,2,21
early-cse,loop-rotate,-0.024914469835746123,0.013292204626786801,24,0,23
simplifycfg,gvn,-0.022856248268095528,0.017346068326202925,24,2,22
gvn,simplifycfg,-0.019460417817470557,0.02240653929355388,24,4,20
instcombine,reassociate,-0.0021390703710543247,0.005418389464636882,24,0,4
early-cse,loop-unroll,-0.0017120132001166206,0.003941175374304414,24,0,4
instcombine,licm,-0.0013936950811920957,0.016783735570265763,24,8,9
reassociate,early-cse,-0.0011529782597912211,0.008835984661692844,24,1,3
reassociate,instcombine,-0.0006684821357602084,0.007126621649790573,24,1,3
simplifycfg,loop-rotate,-0.00040453074433656667,0.0019400612958384647,24,0,1
dce,early-cse,-0.0003822629969418958,0.0018332689309299374,24,0,1
instcombine,dce,-0.0003822629969418958,0.0018332689309299374,24,0,1
reassociate,dce,-0.0003822629969418958,0.0018332689309299374,24,0,1
reassociate,adce,-0.0003822629969418958,0.0018332689309299374,24,0,1
dce,adce,-0.0003822629969418958,0.0018332689309299374,24,0,1
dce,reassociate,-0.0003822629969418958,0.0018332689309299374,24,0,1
adce,instcombine,-0.0003822629969418958,0.0018332689309299374,24,0,1
adce,reassociate,-0.0003822629969418958,0.0018332689309299374,24,0,1
instcombine,adce,-0.0003822629969418958,0.0018332689309299374,24,0,1
dce,instcombine,-0.0003822629969418958,0.0018332689309299374,24,0,1
adce,dce,-0.0003822629969418958,0.0018332689309299374,24,0,1
adce,early-cse,-0.0003822629969418958,0.0018332689309299374,24,0,1
reassociate,gvn,-0.00028051918441795,0.010230022300151234,24,1,2
licm,dce,0.0,0.0,24,0,0
adce,gvn,0.0,0.0,24,0,0
instcombine,loop-unroll,0.0,0.0,24,0,0
dce,simplifycfg,0.0,0.0,24,0,0
dce,sroa,0.0,0.0,24,0,0
licm,adce,0.0,0.0,24,0,0
dce,mem2reg,0.0,0.0,24,0,0
dce,loop-rotate,0.0,0.0,24,0,0
adce,loop-unroll,0.0,0.0,24,0,0
adce,loop-rotate,0.0,0.0,24,0,0
adce,licm,0.0,0.0,24,0,0
adce,sroa,0.0,0.0,24,0,0
adce,simplifycfg,0.0,0.0,24,0,0
dce,loop-unroll,0.0,0.0,24,0,0
dce,licm,0.0,0.0,24,0,0
reassociate,mem2reg,0.0,0.0,24,0,0
simplifycfg,reassociate,0.0,0.0,24,0,0
simplifycfg,dce,0.0,0.0,24,0,0
simplifycfg,adce,0.0,0.0,24,0,0
reassociate,loop-unroll,0.0,0.0,24,0,0
loop-rotate,adce,0.0,0.0,24,0,0
loop-rotate,dce,0.0,0.0,24,0,0
loop-rotate,reassociate,0.0,0.0,24,0,0
loop-unroll,mem2reg,0.0,0.0,24,0,0
loop-unroll,reassociate,0.0,0.0,24,0,0
loop-unroll,instcombine,0.0,0.0,24,0,0
loop-unroll,gvn,0.0,0.0,24,0,0
loop-unroll,adce,0.0,0.0,24,0,0
loop-unroll,dce,0.0,0.0,24,0,0
loop-unroll,early-cse,0.0,0.0,24,0,0
licm,reassociate,0.0,0.0,24,0,0
reassociate,licm,0.0,0.0,24,0,0
reassociate,loop-rotate,0.0,0.0,24,0,0
reassociate,sroa,0.0,0.0,24,0,0
reassociate,simplifycfg,0.0,0.0,24,0,0
loop-unroll,sroa,0.0,0.0,24,0,0
adce,mem2reg,0.0,0.0,24,0,0
dce,gvn,0.0,0.0,24,0,0
simplifycfg,loop-unroll,0.0002886775262371667,0.0031099252931813307,24,2,1
loop-unroll,loop-rotate,0.0006932082705737334,0.0023123471586696605,24,2,0
loop-rotate,loop-unroll,0.0006932082705737334,0.0023123471586696605,24,2,0
loop-unroll,simplifycfg,0.0006932082705737334,0.0023123471586696605,24,2,0
loop-unroll,licm,0.0006932082705737334,0.0023123471586696605,24,2,0
licm,loop-rotate,0.0013598710867256582,0.04613126877092822,24,6,15
simplifycfg,early-cse,0.0015948176646608126,0.005816963897589951,24,2,0
mem2reg,dce,0.0017361111111111084,0.008326096394640126,24,1,0
mem2reg,adce,0.0017361111111111084,0.008326096394640126,24,1,0
gvn,reassociate,0.0018062596437394835,0.013223284218950922,24,2,2
sroa,dce,0.0020337301587301545,0.008386164495439509,24,2,0
sroa,adce,0.0020337301587301545,0.008386164495439509,24,2,0
early-cse,reassociate,0.002526592853090421,0.01209670385479226,24,2,1
gvn,adce,0.0025826748609891668,0.009740838877010697,24,2,0
gvn,dce,0.0025826748609891668,0.009740838877010697,24,2,0
simplifycfg,mem2reg,0.0027728330822949458,0.009249388634678677,24,2,0
simplifycfg,sroa,0.0027728330822949458,0.009249388634678677,24,2,0
early-cse,simplifycfg,0.003693449498244017,0.011263845992633248,24,3,0
early-cse,dce,0.004315720847758767,0.01709168596141323,24,3,1
early-cse,adce,0.004315720847758767,0.01709168596141323,24,3,1
simplifycfg,licm,0.00521245314356338,0.019352743516733346,24,2,1
mem2reg,reassociate,0.006199392025742908,0.016422571095794564,24,4,0
sroa,reassociate,0.00709224916860005,0.016642294243192197,24,5,0
simplifycfg,instcombine,0.007742961466871322,0.016449067320889892,24,15,2
loop-rotate,gvn,0.009526091986557137,0.017204878827684775,24,12,3
loop-rotate,sroa,0.009576146665745558,0.016064083275340056,24,11,2
loop-rotate,mem2reg,0.009576146665745558,0.016064083275340056,24,11,2
licm,simplifycfg,0.010425719691553538,0.02091526631070565,24,7,2
instcombine,simplifycfg,0.010475258797990586,0.018838638047638526,24,9,0
loop-rotate,licm,0.011969336973992753,0.01818332918245639,24,9,0
mem2reg,licm,0.014697415886578136,0.04153531784413922,24,13,7
sroa,licm,0.014697415886578136,0.04153531784413922,24,13,7
mem2reg,simplifycfg,0.026452043250339282,0.028798486439475142,24,15,0
sroa,simplifycfg,0.026452043250339282,0.028798486439475142,24,15,0
licm,gvn,0.038939450887223614,0.05045088338432946,24,18,3
loop-rotate,simplifycfg,0.057291528392608905,0.02648076287206483,24,24,0
loop-rotate,early-cse,0.057372368417351695,0.03393404893036098,24,24,0
loop-rotate,instcombine,0.05753341113801861,0.027239368442872912,24,24,0
licm,early-cse,0.0629065834674598,0.03822882003391872,24,24,0
gvn,loop-rotate,0.07918273171744478,0.04928136018300507,24,22,0
mem2reg,loop-rotate,0.08230582253658265,0.053290700589017005,24,22,0
sroa,loop-rotate,0.08230582253658265,0.053290700589017005,24,22,0
gvn,instcombine,0.1009142606287274,0.09464878157021321,24,20,3
instcombine,loop-rotate,0.10442233313045868,0.05474147050386455,24,24,0
licm,instcombine,0.20920368013644097,0.09499369899967122,24,24,0
