,importance
pair_gvn>loop-unroll,0.09615970685079273
pair_mem2reg>sroa,0.09498030080682743
pair_sroa>mem2reg,0.09303589684134964
pair_sroa>loop-unroll,0.07866797589042573
pair_mem2reg>loop-unroll,0.07682359498830656
f_load_frac,0.054094129095773824
f_integer_ops,0.04369855110984718
f_loop_depth,0.037121413385704835
f_loop_count,0.028121334031162723
pair_licm>instcombine,0.025269378002917717
f_arith_frac,0.02472423165998903
f_branch_frac,0.022515288773981228
f_call_frac,0.014968637687781377
f_casts,0.014857948121746482
pair_instcombine>mem2reg,0.014241930285492584
pair_gvn>sroa,0.014103808071027709
pair_mem2reg>gvn,0.013826782455019216
pair_sroa>gvn,0.013773422737019399
pair_gvn>mem2reg,0.013678025669911656
pair_mem2reg>instcombine,0.01365407874115821
pair_sroa>instcombine,0.01357129548326953
pair_instcombine>sroa,0.013353953835302183
f_geps,0.01335003329572519
f_memory_frac,0.01087145394917413
f_store_frac,0.00987731614461605
pair_gvn>licm,0.008482269417155274
f_arithmetic_ops,0.007616867834742322
f_avg_block_size,0.007566588882893021
pair_licm>loop-unroll,0.007317141995055221
f_stores,0.006288675201390433
pair_gvn>instcombine,0.005791211576556215
f_calls,0.0054826324108921375
f_branches,0.005470347105338314
f_functions,0.005419920738220602
f_basic_blocks,0.004997593948450611
f_returns,0.004891264945840963
f_memory_ops,0.004720019529791919
f_cfg_edges,0.0046445934633162385
pass_a_early-cse,0.00450921194548337
pair_gvn>early-cse,0.0041450265388602945
pair_instcombine>loop-rotate,0.004028929625659362
f_allocas,0.0038924413955872938
f_compares,0.0038143073568641128
f_loads,0.0036730143240453197
f_conditional_branches,0.0035574902920492745
f_instruction_count,0.0032841002539671436
f_cyclomatic,0.002923213229554036
pair_instcombine>gvn,0.002894565484499951
pair_sroa>early-cse,0.002743946555383783
pair_mem2reg>early-cse,0.0027324688448547227
pair_sroa>loop-rotate,0.0020668494203356434
pair_mem2reg>loop-rotate,0.0020470104906413606
pair_early-cse>gvn,0.002040082878770541
pair_licm>early-cse,0.0020086266016387374
pair_gvn>loop-rotate,0.0018953175371490528
pair_loop-rotate>early-cse,0.0014621178160917907
pass_b_loop-rotate,0.0013680242134935811
pair_loop-rotate>simplifycfg,0.001349460901293403
pair_loop-rotate>instcombine,0.001288178421539945
pair_early-cse>mem2reg,0.001247860921798321
pair_early-cse>sroa,0.001244070709585764
pair_licm>gvn,0.0012097307870901942
pair_instcombine>early-cse,0.0011071759148717716
pass_b_gvn,0.0008688810030235566
pass_b_mem2reg,0.0008131657668570253
pass_b_sroa,0.0007106898527946907
pair_licm>mem2reg,0.000462256232783481
pair_early-cse>licm,0.000453327022832619
pair_licm>sroa,0.0004487409817086973
pass_a_sroa,0.00041593644907569996
pass_a_mem2reg,0.00041218331219246437
pass_b_licm,0.00039359917331084296
pair_early-cse>instcombine,0.0003356102299247423
pass_a_gvn,0.00031516011519973835
pass_a_instcombine,0.0003088159604001042
pass_b_instcombine,0.00028049746832003536
pair_mem2reg>simplifycfg,0.000274430039641216
pair_sroa>simplifycfg,0.0002579895060282141
pair_simplifycfg>gvn,0.00025591684853014786
pair_mem2reg>licm,0.0002377661420228716
pair_licm>loop-rotate,0.00022829205975269252
pair_sroa>licm,0.00021885709294539927
pair_gvn>simplifycfg,0.000170747392703009
pair_early-cse>loop-rotate,0.00014138985250937422
pass_b_early-cse,0.00012678249625970266
pass_b_simplifycfg,0.00011701128966743152
pass_a_licm,0.00011686352744064947
pass_a_loop-rotate,0.00011417245786838148
f_phis,0.00010340190837563714
pair_loop-rotate>licm,8.560098117867786e-05
pair_instcombine>simplifycfg,7.639021558683917e-05
pair_licm>simplifycfg,6.946976023686572e-05
pair_simplifycfg>instcombine,5.523176853580477e-05
pass_b_reassociate,3.993161482000467e-05
pair_sroa>reassociate,3.10806828866131e-05
pair_mem2reg>reassociate,3.1001495968180076e-05
pair_loop-rotate>gvn,2.9130996801624783e-05
pair_gvn>reassociate,2.8328616528965095e-05
pair_instcombine>licm,2.594354427346005e-05
pair_gvn>adce,2.361944835397089e-05
pair_gvn>dce,2.3471857164647732e-05
pair_loop-rotate>sroa,2.2605142538222424e-05
pass_a_reassociate,2.199322587267148e-05
pair_loop-rotate>mem2reg,2.192433291865856e-05
pass_b_adce,2.178604987586274e-05
pass_b_dce,1.9515938787420277e-05
pass_a_dce,1.6324268745336726e-05
pair_reassociate>loop-rotate,1.5221675835284445e-05
pass_a_loop-unroll,1.3165811555220902e-05
pass_b_loop-unroll,1.2492594574263825e-05
pair_simplifycfg>sroa,1.2113801778404527e-05
pair_sroa>dce,1.2108657518775954e-05
pair_simplifycfg>mem2reg,1.2099429708347388e-05
pair_simplifycfg>licm,1.1938288134472214e-05
pair_early-cse>simplifycfg,1.1140953313497323e-05
pair_simplifycfg>loop-rotate,9.990698300371807e-06
pair_mem2reg>adce,9.217164081317081e-06
pair_reassociate>gvn,9.014322326489542e-06
pair_reassociate>early-cse,8.691089169509582e-06
pair_sroa>adce,7.882734449247667e-06
pair_mem2reg>dce,7.399504039566324e-06
pass_a_simplifycfg,7.023525430280292e-06
pair_adce>loop-rotate,6.4233179077019004e-06
pair_early-cse>adce,5.937187555510156e-06
pair_reassociate>instcombine,5.6077860186916615e-06
pair_instcombine>reassociate,5.456132502566741e-06
pass_a_adce,4.67554754505043e-06
pair_early-cse>dce,4.287954481170148e-06
pair_simplifycfg>early-cse,3.7389556624407574e-06
pair_early-cse>reassociate,2.3040253989517947e-06
pair_early-cse>loop-unroll,2.2752305804494905e-06
f_float_frac,1.740442221822258e-06
pair_licm>reassociate,1.7155369887120085e-06
pair_loop-unroll>simplifycfg,8.402010282617943e-07
pair_dce>simplifycfg,7.859463291123458e-07
pair_loop-rotate>reassociate,5.650193335069877e-07
pair_reassociate>simplifycfg,5.373465411901856e-07
pair_adce>simplifycfg,4.545687533187844e-07
pair_loop-rotate>loop-unroll,4.255947096842729e-07
pair_loop-rotate>dce,4.069461163144995e-07
pair_simplifycfg>loop-unroll,3.817245196542416e-07
pair_simplifycfg>dce,2.967611200414166e-07
pair_loop-unroll>licm,2.929050843151124e-07
pair_loop-rotate>adce,2.6410441108116863e-07
pair_adce>instcombine,2.2253206052811014e-07
f_floating_ops,1.889267224732634e-07
pair_dce>instcombine,1.819407055663796e-07
pair_loop-unroll>loop-rotate,1.634794520153333e-07
pair_adce>reassociate,1.4815976734014651e-07
pair_loop-unroll>gvn,1.2547725052313026e-07
pair_dce>loop-rotate,1.2299934745659217e-07
pair_adce>dce,1.220127800111383e-07
pair_dce>reassociate,1.2013566688058492e-07
pair_reassociate>adce,1.1259054335702161e-07
pair_instcombine>dce,1.0767663406206177e-07
pair_simplifycfg>adce,1.0179091198981676e-07
pair_dce>adce,9.107708704569048e-08
pair_reassociate>dce,9.068395031849709e-08
pair_loop-unroll>instcombine,8.355857621536742e-08
pair_adce>gvn,5.665362116316106e-08
pair_simplifycfg>reassociate,5.4620610225812225e-08
pair_instcombine>adce,5.183931992108093e-08
pair_dce>early-cse,4.860975791432844e-08
pair_adce>licm,4.499269844259956e-08
pair_dce>gvn,4.3045607783557494e-08
pair_adce>early-cse,4.047913434969663e-08
pair_instcombine>loop-unroll,3.495078940550036e-08
pair_reassociate>licm,3.196226212684587e-08
pair_loop-unroll>early-cse,7.86729414039536e-09
pair_reassociate>sroa,7.459235691742118e-09
pair_licm>dce,6.129184854996041e-09
pair_adce>sroa,1.3011652702540844e-09
pair_adce>loop-unroll,1.036901801588665e-09
pair_loop-unroll>dce,6.876878023817483e-10
pair_reassociate>loop-unroll,2.8993214208740105e-10
pair_dce>loop-unroll,0.0
pair_dce>sroa,0.0
pair_dce>mem2reg,0.0
pair_reassociate>mem2reg,0.0
pair_adce>mem2reg,0.0
pair_dce>licm,0.0
pair_loop-unroll>reassociate,0.0
pair_licm>adce,0.0
pair_loop-unroll>adce,0.0
pair_loop-unroll>sroa,0.0
pair_loop-unroll>mem2reg,0.0
