program_id,pass,weighted_out_degree,weighted_in_degree,positive_out_degree,negative_out_degree,positive_in_degree,negative_in_degree,betweenness
arith_01_polynomial,licm,0.5000000000000002,-0.1481481481481481,3,3,3,2,0.0018181818181818182
arith_01_polynomial,loop-rotate,0.222222222222222,0.40740740740740744,3,0,4,2,0.024545454545454547
arith_01_polynomial,adce,0.0,0.0,0,0,0,0,0.0
arith_01_polynomial,dce,0.0,0.0,0,0,0,0,0.0
arith_01_polynomial,loop-unroll,0.0,-1.6296296296296293,0,0,0,3,0.0
arith_01_polynomial,reassociate,0.0,0.0,0,0,0,0,0.0
arith_01_polynomial,simplifycfg,-0.0185185185185185,0.037037037037037,1,1,1,1,0.004329004329004329
arith_01_polynomial,instcombine,-0.037037037037036896,0.5000000000000001,2,3,4,3,0.03874458874458874
arith_01_polynomial,early-cse,-0.2037037037037035,0.0740740740740741,0,6,2,3,0.02056277056277056
arith_01_polynomial,gvn,-0.8888888888888886,-0.3333333333333332,2,6,1,5,0.07389610389610389
arith_01_polynomial,mem2reg,-1.0740740740740737,-0.7407407407407405,2,5,0,5,0.013506493506493506
arith_01_polynomial,sroa,-1.0740740740740737,-0.7407407407407405,2,5,0,5,0.013506493506493506
arith_02_redundant,licm,0.1046511627906976,-0.0930232558139534,3,3,0,2,0.0
arith_02_redundant,loop-rotate,0.06976744186046499,0.127906976744186,3,0,4,2,0.022727272727272728
arith_02_redundant,adce,0.0,0.0232558139534883,0,0,1,0,0.0
arith_02_redundant,dce,0.0,0.0232558139534883,0,0,1,0,0.0
arith_02_redundant,loop-unroll,0.0,-0.0348837209302323,0,0,0,3,0.0
arith_02_redundant,simplifycfg,0.0,0.0116279069767442,1,1,1,1,0.004329004329004329
arith_02_redundant,reassociate,-0.0930232558139533,0.06976744186046521,0,3,2,2,0.0
arith_02_redundant,early-cse,-0.5348837209302323,-0.569767441860465,2,6,2,5,0.19783549783549784
arith_02_redundant,gvn,-1.0465116279069764,-1.1627906976744187,1,8,1,6,0.1357142857142857
arith_02_redundant,instcombine,-1.244186046511628,-0.9069767441860462,1,5,3,5,0.07056277056277056
arith_02_redundant,mem2reg,-1.3372093023255813,-1.4534883720930232,2,5,0,5,0.016233766233766232
arith_02_redundant,sroa,-1.3372093023255813,-1.4534883720930232,2,5,0,5,0.016233766233766232
arith_03_integer_mix,licm,0.4473684210526315,-0.1578947368421053,3,3,4,2,0.023181818181818182
arith_03_integer_mix,loop-rotate,0.175438596491228,-0.0350877192982456,4,0,1,2,0.013636363636363636
arith_03_integer_mix,adce,0.0,0.0,0,0,0,0,0.0
arith_03_integer_mix,dce,0.0,0.0,0,0,0,0,0.0
arith_03_integer_mix,loop-unroll,0.0,-0.1052631578947368,0,0,0,3,0.0
arith_03_integer_mix,reassociate,0.0,0.0,0,0,0,0,0.0
arith_03_integer_mix,simplifycfg,-0.0087719298245614,0.06140350877192979,0,1,1,1,0.0031818181818181815
arith_03_integer_mix,early-cse,-0.2456140350877192,-6.938893903907228e-18,0,6,2,4,0.023181818181818182
arith_03_integer_mix,instcombine,-0.2982456140350876,0.22807017543859653,2,4,3,3,0.023181818181818182
arith_03_integer_mix,gvn,-0.4999999999999999,-0.3684210526315788,1,6,1,5,0.10818181818181816
arith_03_integer_mix,mem2reg,-0.8333333333333331,-0.8596491228070174,1,5,0,5,0.011818181818181818
arith_03_integer_mix,sroa,-0.8333333333333331,-0.8596491228070174,1,5,0,5,0.011818181818181818
arith_04_float_series,licm,0.4320987654320987,0.0493827160493827,3,3,4,2,0.0
arith_04_float_series,loop-rotate,0.1728395061728394,0.22222222222222202,4,3,4,2,0.022727272727272728
arith_04_float_series,adce,0.0,0.0,0,0,0,0,0.0
arith_04_float_series,dce,0.0,0.0,0,0,0,0,0.0
arith_04_float_series,loop-unroll,0.0,-2.259259259259259,0,0,0,3,0.0
arith_04_float_series,reassociate,0.0,0.0,0,0,0,0,0.0
arith_04_float_series,simplifycfg,-0.0246913580246913,0.0246913580246914,0,1,1,1,0.0
arith_04_float_series,early-cse,-0.4074074074074072,-0.148148148148148,0,6,2,4,0.0
arith_04_float_series,instcombine,-0.4444444444444445,0.01234567901234579,2,4,3,3,0.0
arith_04_float_series,gvn,-1.2839506172839505,-0.4938271604938268,2,6,1,6,0.09848484848484848
arith_04_float_series,mem2reg,-1.5555555555555556,-1.0370370370370372,2,5,0,6,0.01212121212121212
arith_04_float_series,sroa,-1.5555555555555556,-1.0370370370370372,2,5,0,6,0.01212121212121212
arith_05_reassoc,reassociate,0.0823529411764705,0.2235294117647059,3,0,4,1,0.0
arith_05_reassoc,loop-rotate,0.0705882352941175,0.1294117647058823,3,0,4,2,0.022727272727272728
arith_05_reassoc,adce,0.0,0.1294117647058822,0,0,2,0,0.0
arith_05_reassoc,dce,0.0,0.1294117647058822,0,0,2,0,0.0
arith_05_reassoc,loop-unroll,0.0,-0.0352941176470587,0,0,0,3,0.0
arith_05_reassoc,licm,0.0,-0.1999999999999997,2,4,0,5,0.0
arith_05_reassoc,simplifycfg,-0.0117647058823529,0.0117647058823529,0,1,1,1,0.004329004329004329
arith_05_reassoc,early-cse,-0.1411764705882352,-0.22352941176470592,3,6,3,4,0.10268398268398267
arith_05_reassoc,gvn,-0.5176470588235295,-0.8117647058823527,5,6,1,6,0.20419913419913419
arith_05_reassoc,instcombine,-0.6705882352941173,-0.3058823529411765,1,6,4,3,0.039047619047619046
arith_05_reassoc,mem2reg,-1.0705882352941174,-1.1882352941176468,2,6,0,5,0.013506493506493506
arith_05_reassoc,sroa,-1.0705882352941174,-1.1882352941176468,2,6,0,5,0.013506493506493506
cf_01_if_else,licm,0.1791044776119404,-0.08955223880597021,4,3,3,2,0.010606060606060607
cf_01_if_else,loop-rotate,0.1194029850746268,0.1641791044776118,4,0,4,2,0.0033333333333333335
cf_01_if_else,simplifycfg,0.029850746268656695,0.2686567164179101,3,1,6,0,0.00909090909090909
cf_01_if_else,adce,0.0,0.0,0,0,0,0,0.0
cf_01_if_else,reassociate,0.0,0.0,0,0,0,0,0.0
cf_01_if_else,loop-unroll,0.0,-0.0447761194029849,0,0,0,3,0.0
cf_01_if_else,dce,0.0,0.0,0,0,0,0,0.0
cf_01_if_else,instcombine,-0.1641791044776119,0.10447761194029842,3,3,4,3,0.015151515151515152
cf_01_if_else,gvn,-0.3582089552238805,-0.3880597014925375,3,5,3,3,0.026060606060606055
cf_01_if_else,early-cse,-0.47761194029850723,-0.41791044776119385,1,5,2,4,0.010909090909090908
cf_01_if_else,mem2reg,-0.701492537313433,-0.8358208955223877,3,5,1,5,0.026060606060606055
cf_01_if_else,sroa,-0.701492537313433,-0.8358208955223877,3,5,1,5,0.026060606060606055
cf_02_nested_cond,loop-rotate,0.201834862385321,0.422018348623853,4,0,5,1,0.001515151515151515
cf_02_nested_cond,simplifycfg,0.0825688073394495,0.330275229357798,4,1,6,0,0.004545454545454545
cf_02_nested_cond,licm,0.0458715596330273,-0.027522935779816505,5,3,2,3,0.012878787878787877
cf_02_nested_cond,loop-unroll,0.0,-1.5596330275229358,0,0,0,4,0.0
cf_02_nested_cond,instcombine,-0.009174311926605479,0.1284403669724771,3,7,3,7,0.20363636363636362
cf_02_nested_cond,reassociate,-0.036697247706422,-0.036697247706422,0,4,0,4,0.0
cf_02_nested_cond,dce,-0.036697247706422,-0.036697247706422,0,4,0,4,0.0
cf_02_nested_cond,adce,-0.036697247706422,-0.036697247706422,0,4,0,4,0.0
cf_02_nested_cond,early-cse,-0.220183486238532,-0.009174311926605512,0,9,3,7,0.1748484848484848
cf_02_nested_cond,gvn,-0.660550458715596,-0.11926605504587151,3,5,4,3,0.03621212121212121
cf_02_nested_cond,mem2reg,-0.7798165137614679,-0.6422018348623852,3,5,1,5,0.019545454545454543
cf_02_nested_cond,sroa,-0.7798165137614679,-0.6422018348623852,3,5,1,5,0.019545454545454543
cf_03_switch,licm,0.13235294117647048,-0.1176470588235293,3,3,0,2,0.0
cf_03_switch,loop-rotate,0.0882352941176469,0.16176470588235298,3,0,4,2,0.006818181818181818
cf_03_switch,adce,0.0,0.0,0,0,0,0,0.0
cf_03_switch,dce,0.0,0.0,0,0,0,0,0.0
cf_03_switch,simplifycfg,0.0,0.0441176470588234,1,1,3,1,0.004329004329004329
cf_03_switch,reassociate,0.0,0.0,0,0,0,0,0.0
cf_03_switch,loop-unroll,0.0,-0.0441176470588233,0,0,0,3,0.0
cf_03_switch,instcombine,-0.19117647058823511,0.2058823529411763,1,4,5,2,0.034199134199134194
cf_03_switch,early-cse,-0.3382352941176469,-0.2647058823529411,1,5,2,4,0.03874458874458874
cf_03_switch,gvn,-0.4264705882352939,-0.6029411764705881,2,6,1,5,0.0698051948051948
cf_03_switch,mem2reg,-0.9558823529411764,-1.0147058823529411,2,5,0,5,0.018506493506493506
cf_03_switch,sroa,-0.9558823529411764,-1.0147058823529411,2,5,0,5,0.018506493506493506
cf_04_const_branch,licm,0.2916666666666665,-0.0625,3,1,3,2,0.0
cf_04_const_branch,loop-rotate,0.1249999999999998,0.22916666666666669,3,0,4,2,0.022727272727272728
cf_04_const_branch,adce,0.0,0.0833333333333332,0,0,2,0,0.0
cf_04_const_branch,dce,0.0,0.0833333333333332,0,0,2,0,0.0
cf_04_const_branch,loop-unroll,0.0,-0.0624999999999999,0,0,0,3,0.0
cf_04_const_branch,reassociate,0.0,0.0416666666666666,0,0,2,0,0.0
cf_04_const_branch,simplifycfg,-1.0061396160665481e-16,0.0208333333333333,1,1,1,1,0.004329004329004329
cf_04_const_branch,early-cse,-0.4791666666666665,-0.2916666666666665,0,6,2,4,0.04935064935064935
cf_04_const_branch,gvn,-0.6249999999999997,-0.6249999999999999,1,7,1,5,0.10238095238095238
cf_04_const_branch,instcombine,-1.1041666666666667,-0.8333333333333336,2,4,3,4,0.08571428571428572
cf_04_const_branch,mem2reg,-1.2708333333333335,-1.4583333333333333,5,5,0,4,0.09047619047619047
cf_04_const_branch,sroa,-1.2708333333333335,-1.4583333333333333,5,5,0,4,0.09047619047619047
cf_05_early_exit,licm,0.5596330275229358,0.055045871559633,6,1,6,2,0.031385281385281384
cf_05_early_exit,loop-rotate,0.256880733944954,0.1926605504587155,8,0,5,1,0.02229437229437229
cf_05_early_exit,simplifycfg,0.09174311926605501,0.1192660550458715,3,1,5,2,0.007359307359307359
cf_05_early_exit,loop-unroll,0.0275229357798165,-0.1192660550458715,3,0,3,4,0.0058441558441558435
cf_05_early_exit,reassociate,0.0,0.0,0,0,0,0,0.0
cf_05_early_exit,adce,0.0,0.0,0,0,0,0,0.0
cf_05_early_exit,dce,0.0,0.0,0,0,0,0,0.0
cf_05_early_exit,instcombine,-0.1376146788990825,0.40366972477064234,3,4,4,3,0.014935064935064933
cf_05_early_exit,gvn,-0.3761467889908254,-0.201834862385321,2,6,2,5,0.016233766233766232
cf_05_early_exit,early-cse,-0.3944954128440365,-0.201834862385321,0,7,2,4,0.0028138528138528136
cf_05_early_exit,mem2reg,-0.5688073394495412,-0.6788990825688073,3,5,2,4,0.004112554112554112
cf_05_early_exit,sroa,-0.5688073394495412,-0.6788990825688073,3,5,2,4,0.004112554112554112
loop_01_array_sum,loop-rotate,0.3409090909090908,0.5909090909090909,6,0,4,2,0.006818181818181818
loop_01_array_sum,licm,0.2727272727272727,-0.18181818181818168,3,3,1,2,0.0
loop_01_array_sum,adce,0.0,0.0,0,0,0,0,0.0
loop_01_array_sum,dce,0.0,0.0,0,0,0,0,0.0
loop_01_array_sum,loop-unroll,0.0,-1.7499999999999998,0,0,0,3,0.0
loop_01_array_sum,reassociate,0.0,0.0,0,0,0,0,0.0
loop_01_array_sum,simplifycfg,-0.0227272727272727,0.0909090909090909,1,1,3,1,0.0
loop_01_array_sum,instcombine,-0.06818181818181812,0.2954545454545454,2,4,4,3,0.031818181818181815
loop_01_array_sum,early-cse,-0.3409090909090905,-0.06818181818181798,0,6,2,4,0.00909090909090909
loop_01_array_sum,gvn,-0.6136363636363633,-0.36363636363636337,2,6,2,5,0.059848484848484845
loop_01_array_sum,mem2reg,-1.2045454545454544,-0.727272727272727,2,5,1,5,0.018939393939393936
loop_01_array_sum,sroa,-1.2045454545454544,-0.727272727272727,2,5,1,5,0.018939393939393936
loop_02_nested,loop-rotate,0.38,0.8799999999999999,3,1,5,1,0.001515151515151515
loop_02_nested,adce,0.0,0.0,0,0,0,0,0.0
loop_02_nested,instcombine,0.0,0.36000000000000015,2,4,4,3,0.025757575757575753
loop_02_nested,dce,0.0,0.0,0,0,0,0,0.0
loop_02_nested,loop-unroll,0.0,-4.44,0,0,0,4,0.0
loop_02_nested,reassociate,0.0,0.0,0,0,0,0,0.0
loop_02_nested,simplifycfg,-0.039999999999999994,0.2,1,1,5,1,0.0
loop_02_nested,licm,-0.11999999999999993,-0.04,5,3,2,2,0.0037878787878787876
loop_02_nested,early-cse,-0.1999999999999999,0.19999999999999998,0,6,2,4,0.012878787878787877
loop_02_nested,mem2reg,-1.3800000000000001,-0.74,3,5,0,5,0.009090909090909089
loop_02_nested,sroa,-1.3800000000000001,-0.74,3,5,0,5,0.009090909090909089
loop_02_nested,gvn,-1.68,-0.09999999999999999,2,6,1,6,0.06515151515151514
loop_03_accumulate,licm,0.2876712328767123,-0.3013698630136986,4,3,0,4,0.010606060606060605
loop_03_accumulate,adce,0.0,0.0,0,0,0,0,0.0
loop_03_accumulate,loop-rotate,0.0,-0.0136986301369863,3,3,1,2,0.010606060606060607
loop_03_accumulate,dce,0.0,0.0,0,0,0,0,0.0
loop_03_accumulate,simplifycfg,0.0,0.3698630136986301,1,1,6,0,0.001515151515151515
loop_03_accumulate,reassociate,0.0,0.0,0,0,0,0,0.0
loop_03_accumulate,loop-unroll,0.0,-0.1780821917808219,0,0,0,4,0.0
loop_03_accumulate,instcombine,-0.0547945205479452,0.4383561643835616,1,2,4,2,0.02727272727272727
loop_03_accumulate,early-cse,-0.3287671232876712,-0.1780821917808219,1,6,2,3,0.015909090909090907
loop_03_accumulate,gvn,-0.3972602739726027,-0.4383561643835616,2,5,1,5,0.0446969696969697
loop_03_accumulate,mem2reg,-0.7671232876712328,-0.8630136986301369,1,6,0,6,0.026515151515151512
loop_03_accumulate,sroa,-0.7671232876712328,-0.8630136986301369,1,6,0,6,0.026515151515151512
loop_04_invariant,loop-rotate,0.2637362637362634,0.1758241758241757,7,0,4,1,0.02
loop_04_invariant,adce,0.0,0.0,0,0,0,0,0.0
loop_04_invariant,loop-unroll,0.0,-0.6923076923076921,0,0,0,4,0.0
loop_04_invariant,dce,0.0,0.0,0,0,0,0,0.0
loop_04_invariant,reassociate,0.0,0.0329670329670327,0,0,3,0,0.0
loop_04_invariant,simplifycfg,-0.010989010989011,0.021978021978021997,1,1,1,1,0.0
loop_04_invariant,licm,-0.054945054945054986,-0.06593406593406599,3,3,3,2,0.004545454545454545
loop_04_invariant,instcombine,-0.3626373626373626,0.0109890109890109,1,4,4,3,0.02454545454545454
loop_04_invariant,early-cse,-0.3736263736263734,-0.09890109890109869,1,6,2,4,0.018787878787878784
loop_04_invariant,gvn,-0.6813186813186812,-0.6263736263736259,2,6,2,5,0.0793939393939394
loop_04_invariant,mem2reg,-0.989010989010989,-0.9780219780219782,3,5,1,5,0.02636363636363636
loop_04_invariant,sroa,-0.989010989010989,-0.9780219780219782,3,5,1,5,0.02636363636363636
loop_05_small_trip,loop-rotate,0.292682926829268,0.5121951219512194,7,0,5,1,0.022727272727272728
loop_05_small_trip,licm,0.060975609756097504,-0.13414634146341461,4,3,3,3,0.006818181818181818
loop_05_small_trip,adce,0.0,0.0,0,0,0,0,0.0
loop_05_small_trip,dce,0.0,0.0,0,0,0,0,0.0
loop_05_small_trip,loop-unroll,0.0,-5.829268292682927,0,0,0,4,0.0
loop_05_small_trip,reassociate,0.0,0.0,0,0,0,0,0.0
loop_05_small_trip,simplifycfg,-0.0365853658536585,0.0365853658536585,0,1,1,1,0.0
loop_05_small_trip,instcombine,-0.13414634146341461,0.3048780487804879,1,5,3,3,0.0
loop_05_small_trip,early-cse,-0.3170731707317071,-0.09756097560975611,0,6,2,4,0.0
loop_05_small_trip,mem2reg,-2.268292682926829,-0.6829268292682926,2,5,1,5,0.006818181818181818
loop_05_small_trip,sroa,-2.268292682926829,-0.6829268292682926,2,5,1,5,0.006818181818181818
loop_05_small_trip,gvn,-2.292682926829268,-0.3902439024390243,2,6,2,5,0.09318181818181817
mem_01_array_copy,loop-rotate,0.275229357798165,0.477064220183486,6,0,4,2,0.00303030303030303
mem_01_array_copy,licm,0.1559633027522936,-0.2935779816513761,3,3,0,5,0.001515151515151515
mem_01_array_copy,adce,0.0,0.0,0,0,0,0,0.0
mem_01_array_copy,dce,0.0,0.0,0,0,0,0,0.0
mem_01_array_copy,loop-unroll,0.0,-1.2477064220183487,0,0,0,3,0.0
mem_01_array_copy,reassociate,0.0,0.0,0,0,0,0,0.0
mem_01_array_copy,simplifycfg,-0.0275229357798165,0.22018348623853198,1,1,5,1,0.001515151515151515
mem_01_array_copy,instcombine,-0.1376146788990825,0.1284403669724771,2,5,4,3,0.027575757575757573
mem_01_array_copy,early-cse,-0.440366972477064,-0.17431192660550449,0,6,2,4,0.0033333333333333335
mem_01_array_copy,gvn,-0.7614678899082568,-0.43119266055045846,2,6,1,5,0.04424242424242424
mem_01_array_copy,mem2reg,-0.8532110091743118,-0.6605504587155961,2,6,1,5,0.018484848484848482
mem_01_array_copy,sroa,-0.8532110091743118,-0.6605504587155961,2,6,1,5,0.018484848484848482
mem_02_array_init,loop-rotate,0.3749999999999999,0.6354166666666666,7,0,5,1,0.0036363636363636364
mem_02_array_init,adce,0.0,0.0,0,0,0,0,0.0
mem_02_array_init,loop-unroll,0.0,-0.8124999999999998,0,0,0,4,0.0
mem_02_array_init,dce,0.0,0.0,0,0,0,0,0.0
mem_02_array_init,reassociate,0.0,0.0,0,0,0,0,0.0
mem_02_array_init,simplifycfg,-0.03125,0.125,1,1,4,1,0.0
mem_02_array_init,licm,-0.17708333333333331,-0.39583333333333326,3,4,1,5,0.006818181818181818
mem_02_array_init,instcombine,-0.1875,-0.031250000000000194,2,5,4,3,0.02636363636363636
mem_02_array_init,early-cse,-0.4374999999999999,0.0625000000000002,0,6,2,4,0.0
mem_02_array_init,gvn,-0.6666666666666665,-0.583333333333333,2,6,1,6,0.042272727272727274
mem_02_array_init,mem2reg,-0.7708333333333331,-0.8333333333333333,2,6,1,5,0.010454545454545452
mem_02_array_init,sroa,-0.7708333333333331,-0.8333333333333333,2,6,1,5,0.010454545454545452
mem_03_traversal,loop-rotate,0.279569892473118,0.3763440860215054,6,0,5,1,0.006818181818181818
mem_03_traversal,licm,0.13978494623655918,-0.2903225806451611,3,3,0,5,0.0
mem_03_traversal,simplifycfg,0.010752688172043,0.05376344086021499,2,1,3,1,0.0
mem_03_traversal,adce,0.0,0.0,0,0,0,0,0.0
mem_03_traversal,reassociate,0.0,0.0,0,0,0,0,0.0
mem_03_traversal,loop-unroll,0.0,-0.8494623655913977,0,0,0,4,0.0
mem_03_traversal,dce,0.0,0.0,0,0,0,0,0.0
mem_03_traversal,instcombine,-0.3655913978494622,0.139784946236559,1,5,4,3,0.013939393939393937
mem_03_traversal,early-cse,-0.44086021505376305,-0.2365591397849462,0,7,3,4,0.0253030303030303
mem_03_traversal,gvn,-0.8279569892473116,-0.5913978494623653,2,6,1,6,0.03212121212121212
mem_03_traversal,mem2reg,-0.8494623655913977,-0.7526881720430105,2,6,1,5,0.015454545454545453
mem_03_traversal,sroa,-0.8494623655913977,-0.7526881720430105,2,6,1,5,0.015454545454545453
mem_04_struct_fields,licm,0.1285714285714284,0.0071428571428569995,5,1,3,1,0.0018181818181818182
mem_04_struct_fields,loop-rotate,0.0499999999999998,0.0857142857142856,3,0,4,1,0.02
mem_04_struct_fields,adce,0.0,0.0071428571428571,0,0,1,0,0.0
mem_04_struct_fields,dce,0.0,0.0071428571428571,0,0,1,0,0.0
mem_04_struct_fields,loop-unroll,0.0,-0.0214285714285713,0,0,0,3,0.0
mem_04_struct_fields,reassociate,0.0,0.0214285714285714,0,0,1,0,0.0
mem_04_struct_fields,simplifycfg,-0.0071428571428571,0.0071428571428571,0,1,1,1,0.004545454545454545
mem_04_struct_fields,mem2reg,-0.0785714285714285,-0.0999999999999999,2,4,1,3,0.007575757575757575
mem_04_struct_fields,sroa,-0.13571428571428568,-0.3785714285714283,5,5,1,4,0.21545454545454543
mem_04_struct_fields,instcombine,-0.44285714285714267,-0.2428571428571427,2,4,2,4,0.054848484848484855
mem_04_struct_fields,gvn,-0.4499999999999996,-0.4285714285714283,1,7,1,5,0.14424242424242423
mem_04_struct_fields,early-cse,-0.4642857142857141,-0.3642857142857143,0,3,2,3,0.024242424242424242
mix_01_matrix_mul,loop-rotate,0.4130434782608694,0.7173913043478258,7,0,5,1,0.005909090909090909
mix_01_matrix_mul,adce,0.0,0.0,0,0,0,0,0.0
mix_01_matrix_mul,loop-unroll,0.0,-1.8043478260869563,0,0,0,4,0.0
mix_01_matrix_mul,dce,0.0,0.0,0,0,0,0,0.0
mix_01_matrix_mul,reassociate,0.0,0.0,0,0,0,0,0.0
mix_01_matrix_mul,simplifycfg,-0.0434782608695652,0.12318840579710141,0,1,4,1,0.0
mix_01_matrix_mul,instcombine,-0.13043478260869562,0.03623188405797099,2,5,3,3,0.005909090909090909
mix_01_matrix_mul,licm,-0.21014492753623182,-0.434782608695652,3,3,1,5,0.006818181818181818
mix_01_matrix_mul,early-cse,-0.434782608695652,-0.07971014492753621,0,6,2,4,0.0018181818181818182
mix_01_matrix_mul,mem2reg,-0.9275362318840578,-0.8260869565217389,2,6,1,5,0.012727272727272726
mix_01_matrix_mul,sroa,-0.9275362318840578,-0.8260869565217389,2,6,1,5,0.012727272727272726
mix_01_matrix_mul,gvn,-1.253623188405797,-0.4202898550724636,2,6,1,5,0.07227272727272727
mix_02_func_calls,loop-rotate,0.0606060606060604,0.1111111111111111,3,0,4,2,0.005606060606060606
mix_02_func_calls,licm,0.0505050505050503,-0.1212121212121212,2,3,0,5,0.001515151515151515
mix_02_func_calls,simplifycfg,0.0202020202020201,0.1717171717171716,1,1,5,0,0.005844155844155844
mix_02_func_calls,adce,0.0,0.0,0,0,0,0,0.0
mix_02_func_calls,reassociate,0.0,0.0,0,0,0,0,0.0
mix_02_func_calls,loop-unroll,0.0,-0.0303030303030303,0,0,0,3,0.0
mix_02_func_calls,dce,0.0,0.0,0,0,0,0,0.0
mix_02_func_calls,early-cse,-0.3939393939393939,-0.4242424242424244,1,6,2,4,0.02844155844155844
mix_02_func_calls,gvn,-0.6161616161616161,-0.7373737373737372,2,5,0,5,0.043593073593073586
mix_02_func_calls,instcombine,-0.6969696969696969,-0.4040404040404043,1,5,3,3,0.04556277056277056
mix_02_func_calls,mem2reg,-1.0707070707070707,-1.1414141414141414,2,6,0,5,0.02108225108225108
mix_02_func_calls,sroa,-1.0707070707070707,-1.1414141414141414,2,6,0,5,0.02108225108225108
mix_03_combined,loop-rotate,0.2857142857142855,0.4785714285714284,6,0,4,2,0.0
mix_03_combined,licm,0.16428571428571428,-0.1857142857142856,4,3,1,2,0.0
mix_03_combined,adce,0.0,0.0071428571428571,0,0,1,0,0.0
mix_03_combined,dce,0.0,0.0071428571428571,0,0,1,0,0.0
mix_03_combined,loop-unroll,0.0,-2.757142857142857,0,0,0,3,0.0
mix_03_combined,reassociate,-0.0214285714285713,-0.0142857142857142,0,3,0,2,0.0
mix_03_combined,simplifycfg,-0.021428571428571498,0.2142857142857141,1,1,6,1,0.0
mix_03_combined,instcombine,-0.0785714285714284,0.15,3,5,4,4,0.08333333333333333
mix_03_combined,early-cse,-0.3285714285714283,-0.15714285714285708,3,6,2,5,0.1696969696969697
mix_03_combined,gvn,-1.2285714285714284,-0.3428571428571427,2,7,2,6,0.11363636363636363
mix_03_combined,mem2reg,-1.2571428571428571,-0.5714285714285712,2,5,1,5,0.01212121212121212
mix_03_combined,sroa,-1.2571428571428571,-0.5714285714285712,2,5,1,5,0.01212121212121212
mix_04_bubble_sort,loop-rotate,0.2761194029850742,0.3134328358208953,8,0,5,1,0.032900432900432895
mix_04_bubble_sort,licm,0.2164179104477612,-0.07462686567164209,4,3,5,3,0.051082251082251076
mix_04_bubble_sort,simplifycfg,0.029850746268656605,0.0746268656716416,2,1,5,2,0.013419913419913419
mix_04_bubble_sort,loop-unroll,0.0223880597014923,-0.9477611940298507,3,0,3,4,0.007359307359307359
mix_04_bubble_sort,reassociate,0.0,0.0149253731343283,0,0,1,0,0.0
mix_04_bubble_sort,adce,0.0,0.0149253731343283,0,0,1,0,0.0
mix_04_bubble_sort,dce,0.0,0.0149253731343283,0,0,1,0,0.0
mix_04_bubble_sort,instcombine,-0.35820895522388035,-0.044776119402984975,2,5,3,3,0.0028138528138528136
mix_04_bubble_sort,early-cse,-0.4552238805970144,-0.17910447761194018,0,7,2,4,0.0028138528138528136
mix_04_bubble_sort,gvn,-0.7313432835820897,-0.45522388059701474,5,6,2,5,0.245021645021645
mix_04_bubble_sort,mem2reg,-0.917910447761194,-0.7835820895522386,3,5,1,5,0.004112554112554112
mix_04_bubble_sort,sroa,-0.917910447761194,-0.7835820895522386,3,5,1,5,0.004112554112554112
mix_05_prime_sieve,loop-rotate,0.3300970873786404,0.43689320388349523,6,0,4,3,0.010909090909090908
mix_05_prime_sieve,licm,0.2912621359223299,-0.203883495145631,4,3,2,3,0.008636363636363635
mix_05_prime_sieve,adce,0.0,0.0,0,0,0,0,0.0
mix_05_prime_sieve,dce,0.0,0.0,0,0,0,0,0.0
mix_05_prime_sieve,loop-unroll,0.0,-0.2427184466019415,0,0,0,4,0.0
mix_05_prime_sieve,reassociate,0.0,0.0,0,0,0,0,0.0
mix_05_prime_sieve,simplifycfg,-0.0291262135922328,0.14563106796116498,1,4,4,1,0.006363636363636363
mix_05_prime_sieve,instcombine,-0.06796116504854348,0.3300970873786407,1,4,4,3,0.006818181818181818
mix_05_prime_sieve,early-cse,-0.3592233009708736,-0.12621359223300962,0,6,2,4,0.004090909090909091
mix_05_prime_sieve,gvn,-0.3689320388349513,-0.2912621359223299,2,6,2,5,0.025606060606060608
mix_05_prime_sieve,mem2reg,-0.4854368932038833,-0.6116504854368932,3,5,1,5,0.018787878787878787
mix_05_prime_sieve,sroa,-0.4854368932038833,-0.6116504854368932,3,5,1,5,0.018787878787878787
