program_id,mae_RandomForest,mae_PairMeanBaseline
arith_01_polynomial,0.013896610402643566,0.01828451552040913
arith_02_redundant,0.023164998766401837,0.04115103369238791
arith_03_integer_mix,0.020249272682636738,0.020649279559386904
arith_04_float_series,0.018319625004095348,0.022389925669795592
arith_05_reassoc,0.016582196510441658,0.030242562316854467
cf_01_if_else,0.02237482012162451,0.02220642020615147
cf_02_nested_cond,0.013939457869650238,0.019139786068845276
cf_03_switch,0.01613598046887693,0.02313129722620367
cf_04_const_branch,0.035412022992092465,0.033671327196026925
cf_05_early_exit,0.02015427304677183,0.020784400508287
loop_01_array_sum,0.01479700208372737,0.017358523838639204
loop_02_nested,0.041025293804071154,0.04708723219203185
loop_03_accumulate,0.022226178771877644,0.024203267418201266
loop_04_invariant,0.013589784741515426,0.015773840838739762
loop_05_small_trip,0.041508566157599444,0.046653179603204004
mem_01_array_copy,0.009881504637813185,0.01309099618828144
mem_02_array_init,0.014540532252755325,0.017436981566781133
mem_03_traversal,0.00941002748643405,0.011588346187478879
mem_04_struct_fields,0.04747749936030365,0.03730520336162745
mix_01_matrix_mul,0.014759911707095346,0.0205788427320021
mix_02_func_calls,0.02278935599985561,0.02788586279783274
mix_03_combined,0.022967800521712035,0.026255846404407875
mix_04_bubble_sort,0.01263593373401212,0.00813782032312205
mix_05_prime_sieve,0.01898555719279659,0.019254085659515557
