pass_a,pass_b,mean,std,min,max,n_synergy,n_antagonism,n_weak
mem2reg,sroa,-0.42435323384866414,0.12152233696670432,-0.6458333333333334,-0.0714285714285714,0,24,0
sroa,mem2reg,-0.42435323384866414,0.12152233696670432,-0.6458333333333334,-0.0714285714285714,0,24,0
gvn,loop-unroll,-0.38928197844889506,0.5137968958374963,-2.0121951219512195,-0.0071428571428571,0,24,0
mem2reg,loop-unroll,-0.33519496128435833,0.4310460550193928,-1.7560975609756098,-0.0071428571428571,0,24,0
sroa,loop-unroll,-0.33519496128435833,0.4310460550193928,-1.7560975609756098,-0.0071428571428571,0,24,0
gvn,sroa,-0.17117678760916824,0.05252177186834468,-0.3023255813953488,-0.1071428571428571,0,24,0
gvn,mem2reg,-0.1670101209425016,0.060579767020668286,-0.3023255813953488,-0.0142857142857142,0,24,0
sroa,gvn,-0.16332161542461832,0.05992239472898921,-0.3023255813953488,-0.0642857142857142,0,24,0
mem2reg,gvn,-0.161238282091285,0.06422967329233766,-0.3023255813953488,-0.0142857142857142,0,24,0
instcombine,sroa,-0.15071169112110722,0.10144485412538776,-0.4791666666666667,-0.0547945205479452,0,24,0
instcombine,mem2reg,-0.1468426435020596,0.10461572506237887,-0.4791666666666667,-0.0214285714285714,0,24,0
sroa,instcombine,-0.14513211857631333,0.10436472663503207,-0.4791666666666667,-0.0285714285714285,0,24,0
mem2reg,instcombine,-0.1448344995286943,0.10472115335522007,-0.4791666666666667,-0.0214285714285714,0,24,0
gvn,licm,-0.14070675455648252,0.05135306514999541,-0.24,-0.0285714285714285,0,24,0
gvn,early-cse,-0.10164072280420422,0.04472667462018967,-0.2209302325581395,-0.037037037037037,0,24,0
early-cse,gvn,-0.10123748460994021,0.044286970355591405,-0.2209302325581395,-0.037037037037037,0,24,0
licm,loop-unroll,-0.0853334559276628,0.19335330722748542,-0.84,0.0091743119266055,2,6,16
early-cse,sroa,-0.08106557669497805,0.028407497495675647,-0.1492537313432835,-0.037037037037037,0,24,0
early-cse,mem2reg,-0.07749414812354948,0.032839908648922625,-0.1492537313432835,0.0,0,23,1
instcombine,gvn,-0.07067101104470196,0.07239786868456848,-0.3023255813953488,0.0275229357798165,2,21,1
sroa,early-cse,-0.0676347072776276,0.03181018458342859,-0.1492537313432835,-0.0104166666666666,0,24,0
mem2reg,early-cse,-0.06614661203953236,0.034119874643977414,-0.1492537313432835,0.0,0,23,1
early-cse,licm,-0.05133349109695373,0.026299329960355215,-0.0895522388059701,0.0,0,23,1
instcombine,early-cse,-0.05013670067857478,0.0478134818344442,-0.1785714285714285,0.0,0,22,2
early-cse,instcombine,-0.04199460927841909,0.04232609136856063,-0.1785714285714285,0.0298507462686567,2,21,1
licm,sroa,-0.03752720987601482,0.035873111223569815,-0.144927536231884,0.0091743119266055,2,21,1
licm,mem2reg,-0.03752720987601482,0.035873111223569815,-0.144927536231884,0.0091743119266055,2,21,1
early-cse,loop-rotate,-0.02491446983574613,0.013578091196080704,-0.053763440860215,0.0,0,23,1
simplifycfg,gvn,-0.022856248268095528,0.017719144734801257,-0.06,0.0149253731343283,2,22,0
gvn,simplifycfg,-0.019460417817470557,0.022888455486408308,-0.06,0.0303030303030302,4,20,0
instcombine,reassociate,-0.0021390703710543247,0.005534927301559854,-0.0232558139534883,0.0,0,4,20
early-cse,loop-unroll,-0.0017120132001166206,0.004025941531490625,-0.0136986301369863,0.0,0,4,20
instcombine,licm,-0.0013936950811920957,0.01714471741765997,-0.036231884057971,0.037037037037037,8,9,7
reassociate,early-cse,-0.0011529782597912211,0.009026027578740199,-0.0348837209302325,0.0235294117647058,1,3,20
reassociate,instcombine,-0.0006684821357602084,0.007279899865957096,-0.0232558139534883,0.0235294117647059,1,3,20
simplifycfg,loop-rotate,-0.00040453074433656667,0.0019817878177857285,-0.0097087378640776,0.0,0,1,23
dce,early-cse,-0.0003822629969418958,0.0018726985801094623,-0.0091743119266055,0.0,0,1,23
instcombine,dce,-0.0003822629969418958,0.0018726985801094623,-0.0091743119266055,0.0,0,1,23
reassociate,dce,-0.0003822629969418958,0.0018726985801094623,-0.0091743119266055,0.0,0,1,23
reassociate,adce,-0.0003822629969418958,0.0018726985801094623,-0.0091743119266055,0.0,0,1,23
dce,adce,-0.0003822629969418958,0.0018726985801094623,-0.0091743119266055,0.0,0,1,23
dce,reassociate,-0.0003822629969418958,0.0018726985801094623,-0.0091743119266055,0.0,0,1,23
adce,instcombine,-0.0003822629969418958,0.0018726985801094623,-0.0091743119266055,0.0,0,1,23
adce,reassociate,-0.0003822629969418958,0.0018726985801094623,-0.0091743119266055,0.0,0,1,23
instcombine,adce,-0.0003822629969418958,0.0018726985801094623,-0.0091743119266055,0.0,0,1,23
dce,instcombine,-0.0003822629969418958,0.0018726985801094623,-0.0091743119266055,0.0,0,1,23
adce,dce,-0.0003822629969418958,0.0018726985801094623,-0.0091743119266055,0.0,0,1,23
adce,early-cse,-0.0003822629969418958,0.0018726985801094623,-0.0091743119266055,0.0,0,1,23
reassociate,gvn,-0.00028051918441795,0.010450047951373645,-0.0348837209302325,0.0352941176470588,1,2,21
licm,dce,0.0,0.0,0.0,0.0,0,0,24
adce,gvn,0.0,0.0,0.0,0.0,0,0,24
instcombine,loop-unroll,0.0,0.0,0.0,0.0,0,0,24
dce,simplifycfg,0.0,0.0,0.0,0.0,0,0,24
dce,sroa,0.0,0.0,0.0,0.0,0,0,24
licm,adce,0.0,0.0,0.0,0.0,0,0,24
dce,mem2reg,0.0,0.0,0.0,0.0,0,0,24
dce,loop-rotate,0.0,0.0,0.0,0.0,0,0,24
adce,loop-unroll,0.0,0.0,0.0,0.0,0,0,24
adce,loop-rotate,0.0,0.0,0.0,0.0,0,0,24
adce,licm,0.0,0.0,0.0,0.0,0,0,24
adce,sroa,0.0,0.0,0.0,0.0,0,0,24
adce,simplifycfg,0.0,0.0,0.0,0.0,0,0,24
dce,loop-unroll,0.0,0.0,0.0,0.0,0,0,24
dce,licm,0.0,0.0,0.0,0.0,0,0,24
reassociate,mem2reg,0.0,0.0,0.0,0.0,0,0,24
simplifycfg,reassociate,0.0,0.0,0.0,0.0,0,0,24
simplifycfg,dce,0.0,0.0,0.0,0.0,0,0,24
simplifycfg,adce,0.0,0.0,0.0,0.0,0,0,24
reassociate,loop-unroll,0.0,0.0,0.0,0.0,0,0,24
loop-rotate,adce,0.0,0.0,0.0,0.0,0,0,24
loop-rotate,dce,0.0,0.0,0.0,0.0,0,0,24
loop-rotate,reassociate,0.0,0.0,0.0,0.0,0,0,24
loop-unroll,mem2reg,0.0,0.0,0.0,0.0,0,0,24
loop-unroll,reassociate,0.0,0.0,0.0,0.0,0,0,24
loop-unroll,instcombine,0.0,0.0,0.0,0.0,0,0,24
loop-unroll,gvn,0.0,0.0,0.0,0.0,0,0,24
loop-unroll,adce,0.0,0.0,0.0,0.0,0,0,24
loop-unroll,dce,0.0,0.0,0.0,0.0,0,0,24
loop-unroll,early-cse,0.0,0.0,0.0,0.0,0,0,24
licm,reassociate,0.0,0.0,0.0,0.0,0,0,24
reassociate,licm,0.0,0.0,0.0,0.0,0,0,24
reassociate,loop-rotate,0.0,0.0,0.0,0.0,0,0,24
reassociate,sroa,0.0,0.0,0.0,0.0,0,0,24
reassociate,simplifycfg,0.0,0.0,0.0,0.0,0,0,24
loop-unroll,sroa,0.0,0.0,0.0,0.0,0,0,24
adce,mem2reg,0.0,0.0,0.0,0.0,0,0,24
dce,gvn,0.0,0.0,0.0,0.0,0,0,24
simplifycfg,loop-unroll,0.0002886775262371667,0.0031768130591909084,-0.0097087378640776,0.0091743119266055,2,1,21
loop-unroll,loop-rotate,0.0006932082705737334,0.002362080744238781,0.0,0.0091743119266055,2,0,22
loop-rotate,loop-unroll,0.0006932082705737334,0.002362080744238781,0.0,0.0091743119266055,2,0,22
loop-unroll,simplifycfg,0.0006932082705737334,0.002362080744238781,0.0,0.0091743119266055,2,0,22
loop-unroll,licm,0.0006932082705737334,0.002362080744238781,0.0,0.0091743119266055,2,0,22
licm,loop-rotate,0.001359871086725659,0.04712345257612771,-0.0493827160493827,0.16,6,15,3
simplifycfg,early-cse,0.0015948176646608126,0.0059420742084135714,0.0,0.0275229357798165,2,0,22
mem2reg,dce,0.0017361111111111084,0.008505172717997134,0.0,0.0416666666666666,1,0,23
mem2reg,adce,0.0017361111111111084,0.008505172717997134,0.0,0.0416666666666666,1,0,23
gvn,reassociate,0.001806259643739483,0.013507688459353285,-0.0232558139534883,0.0588235294117647,2,2,20
sroa,dce,0.0020337301587301545,0.008566532753712034,0.0,0.0416666666666666,2,0,22
sroa,adce,0.0020337301587301545,0.008566532753712034,0.0,0.0416666666666666,2,0,22
early-cse,reassociate,0.0025265928530904206,0.012356877788455728,-0.0091743119266055,0.0588235294117647,2,1,21
gvn,adce,0.0025826748609891668,0.009950343250948882,0.0,0.0470588235294117,2,0,22
gvn,dce,0.0025826748609891668,0.009950343250948882,0.0,0.0470588235294117,2,0,22
simplifycfg,mem2reg,0.0027728330822949458,0.009448322976955161,0.0,0.036697247706422,2,0,22
simplifycfg,sroa,0.0027728330822949458,0.009448322976955161,0.0,0.036697247706422,2,0,22
early-cse,simplifycfg,0.003693449498244017,0.011506106955227774,0.0,0.0410958904109589,3,0,21
early-cse,dce,0.004315720847758767,0.017459291155596756,-0.0091743119266055,0.0823529411764705,3,1,20
early-cse,adce,0.004315720847758767,0.017459291155596756,-0.0091743119266055,0.0823529411764705,3,1,20
simplifycfg,licm,0.00521245314356338,0.019768979168061952,-0.0097087378640776,0.0825688073394495,2,1,21
mem2reg,reassociate,0.006199392025742908,0.016775785076573978,0.0,0.0588235294117647,4,0,20
sroa,reassociate,0.00709224916860005,0.017000233993591303,0.0,0.0588235294117647,5,0,19
simplifycfg,instcombine,0.00774296146687132,0.0168028511781574,-0.044776119402985,0.032258064516129,15,2,7
loop-rotate,gvn,0.009526091986557137,0.0175749185555755,-0.0273972602739726,0.0507246376811594,12,3,9
loop-rotate,sroa,0.009576146665745558,0.01640958695854273,-0.0273972602739726,0.043010752688172,11,2,11
loop-rotate,mem2reg,0.009576146665745558,0.01640958695854273,-0.0273972602739726,0.043010752688172,11,2,11
licm,simplifycfg,0.010425719691553537,0.021365108447455945,-0.0091743119266055,0.0821917808219178,7,2,15
instcombine,simplifycfg,0.010475258797990586,0.019243816402383047,0.0,0.0825688073394495,9,0,15
loop-rotate,licm,0.011969336973992753,0.01857441326100256,0.0,0.0659340659340659,9,0,15
mem2reg,licm,0.014697415886578134,0.04242865268635667,-0.0625,0.12,13,7,4
sroa,licm,0.014697415886578134,0.04242865268635667,-0.0625,0.12,13,7,4
mem2reg,simplifycfg,0.026452043250339282,0.029417879589084574,0.0,0.0958904109589041,15,0,9
sroa,simplifycfg,0.026452043250339282,0.029417879589084574,0.0,0.0958904109589041,15,0,9
licm,gvn,0.03893945088722361,0.051535972756150183,-0.0520833333333333,0.2,18,3,3
loop-rotate,simplifycfg,0.057291528392608905,0.02705030680118278,0.0142857142857142,0.12,24,0,0
loop-rotate,early-cse,0.05737236841735171,0.03466389692046805,0.0202020202020201,0.16,24,0,0
loop-rotate,instcombine,0.05753341113801861,0.0278252283368872,0.0142857142857142,0.12,24,0,0
licm,early-cse,0.06290658346745981,0.03905103926048903,0.0117647058823529,0.18,24,0,0
gvn,loop-rotate,0.07918273171744478,0.05034129564054867,0.0,0.1590909090909091,22,0,2
mem2reg,loop-rotate,0.08230582253658265,0.054436868286131784,0.0,0.18,22,0,2
sroa,loop-rotate,0.08230582253658265,0.054436868286131784,0.0,0.18,22,0,2
gvn,instcombine,0.1009142606287274,0.09668447212800274,-0.1395348837209302,0.2328767123287671,20,3,1
instcombine,loop-rotate,0.10442233313045868,0.055918841123702524,0.0285714285714285,0.24,24,0,0
licm,instcombine,0.20920368013644097,0.09703680798528112,0.0714285714285714,0.4074074074074074,24,0,0
