program_id,category,instruction_count,basic_blocks,functions,branches,conditional_branches,loads,stores,calls,phis,integer_ops,floating_ops,arithmetic_ops,memory_ops,returns,cfg_edges,loop_count,loop_depth,allocas,geps,compares,casts,load_frac,store_frac,branch_frac,call_frac,arith_frac,memory_frac,float_frac,avg_block_size,cyclomatic,loop_method
arith_01_polynomial,arithmetic,54,10,2,8,2,13,10,3,0,9,0,7,31,2,10,2,1,7,1,2,1,0.24074074074074073,0.18518518518518517,0.14814814814814814,0.05555555555555555,0.12962962962962962,0.5740740740740741,0.0,5.4,4,llvm_loopinfo
arith_02_redundant,arithmetic,86,6,2,4,1,28,15,2,0,22,0,21,56,2,5,1,1,13,0,1,0,0.32558139534883723,0.1744186046511628,0.046511627906976744,0.023255813953488372,0.2441860465116279,0.6511627906976745,0.0,14.333333333333334,3,llvm_loopinfo
arith_03_integer_mix,arithmetic,114,19,4,15,5,30,22,4,0,22,0,17,65,4,20,4,1,13,0,5,4,0.2631578947368421,0.19298245614035087,0.13157894736842105,0.03508771929824561,0.14912280701754385,0.5701754385964912,0.0,6.0,9,llvm_loopinfo
arith_04_float_series,arithmetic,81,10,2,8,2,21,17,5,0,5,10,13,49,2,10,2,1,11,0,2,2,0.25925925925925924,0.20987654320987653,0.09876543209876543,0.06172839506172839,0.16049382716049382,0.6049382716049383,0.12345679012345678,8.1,4,llvm_loopinfo
arith_05_reassoc,arithmetic,85,6,2,4,1,26,13,2,0,27,0,26,50,2,5,1,1,11,0,1,0,0.3058823529411765,0.15294117647058825,0.047058823529411764,0.023529411764705882,0.3058823529411765,0.5882352941176471,0.0,14.166666666666666,3,llvm_loopinfo
cf_01_if_else,control_flow,67,18,2,16,5,16,12,2,0,13,0,8,34,2,21,1,1,6,0,5,0,0.23880597014925373,0.1791044776119403,0.23880597014925373,0.029850746268656716,0.11940298507462686,0.5074626865671642,0.0,3.7222222222222223,7,llvm_loopinfo
cf_02_nested_cond,control_flow,109,33,2,31,12,25,19,2,0,19,0,6,53,2,43,3,3,9,0,13,1,0.22935779816513763,0.1743119266055046,0.28440366972477066,0.01834862385321101,0.05504587155963303,0.48623853211009177,0.0,3.303030303030303,14,llvm_loopinfo
cf_03_switch,control_flow,68,14,2,12,2,19,15,2,0,11,0,10,41,2,19,1,1,7,0,1,0,0.27941176470588236,0.22058823529411764,0.17647058823529413,0.029411764705882353,0.14705882352941177,0.6029411764705882,0.0,4.857142857142857,9,llvm_loopinfo
cf_04_const_branch,control_flow,48,6,2,4,1,12,13,2,0,7,0,6,33,2,5,1,1,8,0,1,0,0.25,0.2708333333333333,0.08333333333333333,0.041666666666666664,0.125,0.6875,0.0,8.0,3,llvm_loopinfo
cf_05_early_exit,control_flow,109,26,2,24,8,27,18,2,1,16,0,8,61,2,32,3,1,12,4,8,3,0.24770642201834864,0.1651376146788991,0.22018348623853212,0.01834862385321101,0.07339449541284404,0.5596330275229358,0.0,4.1923076923076925,10,llvm_loopinfo
loop_01_array_sum,loops,44,9,1,8,2,10,8,1,0,7,0,5,25,1,10,2,1,5,2,2,2,0.22727272727272727,0.18181818181818182,0.18181818181818182,0.022727272727272728,0.11363636363636363,0.5681818181818182,0.0,4.888888888888889,3,llvm_loopinfo
loop_02_nested,loops,50,13,1,12,3,12,9,1,0,10,0,7,26,1,15,3,3,5,0,3,0,0.24,0.18,0.24,0.02,0.14,0.52,0.0,3.8461538461538463,4,llvm_loopinfo
loop_03_accumulate,loops,73,13,1,12,4,20,14,1,1,17,0,13,41,1,16,2,1,7,0,4,0,0.273972602739726,0.1917808219178082,0.1643835616438356,0.0136986301369863,0.1780821917808219,0.5616438356164384,0.0,5.615384615384615,5,llvm_loopinfo
loop_04_invariant,loops,91,10,2,8,2,25,17,2,0,13,0,11,62,2,10,2,1,14,6,2,4,0.27472527472527475,0.18681318681318682,0.08791208791208792,0.02197802197802198,0.12087912087912088,0.6813186813186813,0.0,9.1,4,llvm_loopinfo
loop_05_small_trip,loops,82,14,2,12,3,20,14,4,0,10,0,7,50,2,15,3,2,10,6,3,4,0.24390243902439024,0.17073170731707318,0.14634146341463414,0.04878048780487805,0.08536585365853659,0.6097560975609756,0.0,5.857142857142857,5,llvm_loopinfo
mem_01_array_copy,memory,109,21,1,20,6,28,16,1,0,15,0,9,63,1,26,4,1,10,9,6,9,0.25688073394495414,0.14678899082568808,0.1834862385321101,0.009174311926605505,0.08256880733944955,0.5779816513761468,0.0,5.190476190476191,7,llvm_loopinfo
mem_02_array_init,memory,96,17,1,16,4,24,15,1,0,13,0,9,56,1,20,4,2,8,9,4,9,0.25,0.15625,0.16666666666666666,0.010416666666666666,0.09375,0.5833333333333334,0.0,5.647058823529412,5,llvm_loopinfo
mem_03_traversal,memory,93,17,2,15,4,23,15,2,1,12,0,8,57,2,19,3,1,9,10,4,4,0.24731182795698925,0.16129032258064516,0.16129032258064516,0.021505376344086023,0.08602150537634409,0.6129032258064516,0.0,5.470588235294118,6,llvm_loopinfo
mem_04_struct_fields,memory,140,7,3,4,1,24,22,11,0,11,0,10,111,3,5,1,1,16,49,1,0,0.17142857142857143,0.15714285714285714,0.02857142857142857,0.07857142857142857,0.07142857142857142,0.7928571428571428,0.0,20.0,4,llvm_loopinfo
mix_01_matrix_mul,mixed,138,25,1,24,6,36,19,1,0,18,0,12,80,1,30,6,3,11,14,6,14,0.2608695652173913,0.13768115942028986,0.17391304347826086,0.007246376811594203,0.08695652173913043,0.5797101449275363,0.0,5.52,7,llvm_loopinfo
mix_02_func_calls,mixed,99,19,6,13,4,25,14,10,3,16,0,12,51,6,17,1,1,12,0,4,0,0.25252525252525254,0.1414141414141414,0.13131313131313133,0.10101010101010101,0.12121212121212122,0.5151515151515151,0.0,5.2105263157894735,10,llvm_loopinfo
mix_03_combined,mixed,140,26,1,25,7,34,22,2,0,23,0,16,80,1,32,5,1,12,12,7,9,0.24285714285714285,0.15714285714285714,0.17857142857142858,0.014285714285714285,0.11428571428571428,0.5714285714285714,0.0,5.384615384615385,8,llvm_loopinfo
mix_04_bubble_sort,mixed,134,25,2,23,8,36,21,2,0,22,0,14,77,2,31,4,2,12,8,8,8,0.26865671641791045,0.15671641791044777,0.17164179104477612,0.014925373134328358,0.1044776119402985,0.5746268656716418,0.0,5.36,10,llvm_loopinfo
mix_05_prime_sieve,mixed,103,23,1,22,7,25,19,1,0,16,0,9,59,1,29,4,2,9,6,7,4,0.24271844660194175,0.18446601941747573,0.21359223300970873,0.009708737864077669,0.08737864077669903,0.5728155339805825,0.0,4.478260869565218,8,llvm_loopinfo
